URL,Последнее сканирование
https://sk-rosa.ru/biozashchita,1970-01-01
https://sk-rosa.ru/biozashchita-aprelevka,1970-01-01
https://sk-rosa.ru/biozashchita-balashikha,1970-01-01
https://sk-rosa.ru/biozashchita-bronnitsy,1970-01-01
https://sk-rosa.ru/biozashchita-chekhov,1970-01-01
https://sk-rosa.ru/biozashchita-dmitrov,1970-01-01
https://sk-rosa.ru/biozashchita-dolgoprudny,1970-01-01
https://sk-rosa.ru/biozashchita-domodedovo,1970-01-01
https://sk-rosa.ru/biozashchita-egorievsk,1970-01-01
https://sk-rosa.ru/biozashchita-elektrostal,1970-01-01
https://sk-rosa.ru/biozashchita-fryazino,1970-01-01
https://sk-rosa.ru/biozashchita-golitsyino,1970-01-01
https://sk-rosa.ru/biozashchita-istra,1970-01-01
https://sk-rosa.ru/biozashchita-ivanteevka,1970-01-01
https://sk-rosa.ru/biozashchita-kashira,1970-01-01
https://sk-rosa.ru/biozashchita-khimki,1970-01-01
https://sk-rosa.ru/biozashchita-kolomna,1970-01-01
https://sk-rosa.ru/biozashchita-korolev,1970-01-01
https://sk-rosa.ru/biozashchita-krasnogorsk,1970-01-01
https://sk-rosa.ru/biozashchita-lobnya,1970-01-01
https://sk-rosa.ru/biozashchita-losino-petrovsky,1970-01-01
https://sk-rosa.ru/biozashchita-lukhovitsy,1970-01-01
https://sk-rosa.ru/biozashchita-lyubertsy,1970-01-01
https://sk-rosa.ru/biozashchita-malakhovka,1970-01-01
https://sk-rosa.ru/biozashchita-monino,1970-01-01
https://sk-rosa.ru/biozashchita-mytishchi,1970-01-01
https://sk-rosa.ru/biozashchita-naro-fominsk,1970-01-01
https://sk-rosa.ru/biozashchita-noginsk,1970-01-01
https://sk-rosa.ru/biozashchita-odintsovo,1970-01-01
https://sk-rosa.ru/biozashchita-orekhovo-zuevo,1970-01-01
https://sk-rosa.ru/biozashchita-podolsk,1970-01-01
https://sk-rosa.ru/biozashchita-pushkino,1970-01-01
https://sk-rosa.ru/biozashchita-ramenskoe,1970-01-01
https://sk-rosa.ru/biozashchita-reutov,1970-01-01
https://sk-rosa.ru/biozashchita-sergiev-posad,1970-01-01
https://sk-rosa.ru/biozashchita-serpukhov,1970-01-01
https://sk-rosa.ru/biozashchita-shchelkovo,1970-01-01
https://sk-rosa.ru/biozashchita-solnechnogorsk,1970-01-01
https://sk-rosa.ru/biozashchita-staraya-kupavna,1970-01-01
https://sk-rosa.ru/biozashchita-stupino,1970-01-01
https://sk-rosa.ru/biozashchita-troitsk,1970-01-01
https://sk-rosa.ru/biozashchita-vidnoe,1970-01-01
https://sk-rosa.ru/biozashchita-volokolamsk,1970-01-01
https://sk-rosa.ru/biozashchita-voskresensk,1970-01-01
https://sk-rosa.ru/biozashchita-zaraysk,1970-01-01
https://sk-rosa.ru/biozashchita-zheleznodorozhny,1970-01-01
https://sk-rosa.ru/biozashchita-zhukovsky,1970-01-01
https://sk-rosa.ru/biozashchita-zvenigorod,1970-01-01
https://sk-rosa.ru/defekty-ognezashchitnogo-pokrytiya-metalla,1970-01-01
https://sk-rosa.ru/podgotovka-sten-pod-dekorativnuyu-shtukaturku,1970-01-01
https://sk-rosa.ru/priemka-shtukaturnyh-rabot,1970-01-01
https://sk-rosa.ru/srok-sluzhby-ognezashchitnogo-pokrytiya,1970-01-01
https://sk-rosa.ru/stoimost-remonta-kvartiry,1970-01-01
https://sk-rosa.ru/trebovaniya-k-vypolneniyu-shtukaturnyh-rabot,1970-01-01